<?xml version="1.0" encoding="UTF-8"?>
<code_scheme name="todoagenda">
  <option name="LINE_SEPARATOR" value="&#10;" />
  <option name="CLASS_COUNT_TO_USE_IMPORT_ON_DEMAND" value="99" />
  <option name="NAMES_COUNT_TO_USE_IMPORT_ON_DEMAND" value="2" />
  <option name="PACKAGES_TO_USE_IMPORT_ON_DEMAND">
    <value />
  </option>
  <option name="IMPORT_LAYOUT_TABLE">
    <value>
      <package name="android" withSubpackages="true" static="false" />
      <emptyLine />
      <package name="com" withSubpackages="true" static="false" />
      <emptyLine />
      <package name="junit" withSubpackages="true" static="false" />
      <emptyLine />
      <package name="net" withSubpackages="true" static="false" />
      <emptyLine />
      <package name="org" withSubpackages="true" static="false" />
      <emptyLine />
      <package name="java" withSubpackages="true" static="false" />
      <emptyLine />
      <package name="javax" withSubpackages="true" static="false" />
      <emptyLine />
      <package name="" withSubpackages="true" static="false" />
      <emptyLine />
      <package name="" withSubpackages="true" static="true" />
      <emptyLine />
    </value>
  </option>
  <option name="RIGHT_MARGIN" value="100" />
  <AndroidXmlCodeStyleSettings>
    <option name="USE_CUSTOM_SETTINGS" value="true" />
  </AndroidXmlCodeStyleSettings>
  <XML>
    <option name="XML_KEEP_BLANK_LINES" value="1" />
    <option name="XML_SPACE_INSIDE_EMPTY_TAG" value="true" />
    <option name="XML_LEGACY_SETTINGS_IMPORTED" value="true" />
  </XML>
  <codeStyleSettings language="JAVA">
    <option name="KEEP_BLANK_LINES_IN_DECLARATIONS" value="1" />
    <option name="KEEP_BLANK_LINES_IN_CODE" value="1" />
    <option name="KEEP_BLANK_LINES_BEFORE_RBRACE" value="1" />
    <option name="BLANK_LINES_BEFORE_PACKAGE" value="1" />
    <option name="BLANK_LINES_AFTER_CLASS_HEADER" value="1" />
    <option name="FIELD_ANNOTATION_WRAP" value="5" />
  </codeStyleSettings>
  <codeStyleSettings language="XML">
    <option name="FORCE_REARRANGE_MODE" value="1" />
    <indentOptions>
      <option name="CONTINUATION_INDENT_SIZE" value="4" />
    </indentOptions>
    <arrangement>
      <rules>
        <rule>
          <match>
            <AND>
              <NAME>xmlns:android</NAME>
              <XML_NAMESPACE>Namespace:</XML_NAMESPACE>
            </AND>
          </match>
        </rule>
        <rule>
          <match>
            <AND>
              <NAME>xmlns:.*</NAME>
              <XML_NAMESPACE>Namespace:</XML_NAMESPACE>
            </AND>
          </match>
          <order>BY_NAME</order>
        </rule>
        <rule>
          <match>
            <AND>
              <NAME>.*:id</NAME>
              <XML_NAMESPACE>http://schemas.android.com/apk/res/android</XML_NAMESPACE>
            </AND>
          </match>
        </rule>
        <rule>
          <match>
            <AND>
              <NAME>.*:name</NAME>
              <XML_NAMESPACE>http://schemas.android.com/apk/res/android</XML_NAMESPACE>
            </AND>
          </match>
        </rule>
        <rule>
          <match>
            <AND>
              <NAME>name</NAME>
              <XML_NAMESPACE>^$</XML_NAMESPACE>
            </AND>
          </match>
        </rule>
        <rule>
          <match>
            <AND>
              <NAME>style</NAME>
              <XML_NAMESPACE>^$</XML_NAMESPACE>
            </AND>
          </match>
        </rule>
        <rule>
          <match>
            <AND>
              <NAME>.*</NAME>
              <XML_NAMESPACE>^$</XML_NAMESPACE>
            </AND>
          </match>
          <order>BY_NAME</order>
        </rule>
        <rule>
          <match>
            <AND>
              <NAME>.*:layout_width</NAME>
              <XML_NAMESPACE>http://schemas.android.com/apk/res/android</XML_NAMESPACE>
            </AND>
          </match>
        </rule>
        <rule>
          <match>
            <AND>
              <NAME>.*:layout_height</NAME>
              <XML_NAMESPACE>http://schemas.android.com/apk/res/android</XML_NAMESPACE>
            </AND>
          </match>
        </rule>
        <rule>
          <match>
            <AND>
              <NAME>.*:layout_.*</NAME>
              <XML_NAMESPACE>http://schemas.android.com/apk/res/android</XML_NAMESPACE>
            </AND>
          </match>
          <order>BY_NAME</order>
        </rule>
        <rule>
          <match>
            <AND>
              <NAME>.*:width</NAME>
              <XML_NAMESPACE>http://schemas.android.com/apk/res/android</XML_NAMESPACE>
            </AND>
          </match>
          <order>BY_NAME</order>
        </rule>
        <rule>
          <match>
            <AND>
              <NAME>.*:height</NAME>
              <XML_NAMESPACE>http://schemas.android.com/apk/res/android</XML_NAMESPACE>
            </AND>
          </match>
          <order>BY_NAME</order>
        </rule>
        <rule>
          <match>
            <AND>
              <NAME>.*</NAME>
              <XML_NAMESPACE>http://schemas.android.com/apk/res/android</XML_NAMESPACE>
            </AND>
          </match>
          <order>BY_NAME</order>
        </rule>
        <rule>
          <match>
            <AND>
              <NAME>.*</NAME>
              <XML_NAMESPACE>.*</XML_NAMESPACE>
            </AND>
          </match>
          <order>BY_NAME</order>
        </rule>
      </rules>
    </arrangement>
  </codeStyleSettings>
</code_scheme>

